{
  "project_info": {
    "project_number": "156641554384",
    "project_id": "refound-dda0f",
    "storage_bucket": "refound-dda0f.appspot.com"
  },
  "client": [
    {
      "client_info": {
        "mobilesdk_app_id": "1:156641554384:android:218269317f8a2c760fd3d5",
        "android_client_info": {
          "package_name": "com.example.refound"
        }
      },
      "oauth_client": [],
      "api_key": [
        {
          "current_key": "AIzaSyBXeWc6hq_WI6EKXNEiu2vQtnk3jEl2FFM"
        }
      ],
      "services": {
        "appinvite_service": {
          "other_platform_oauth_client": []
        }
      }
    }
  ],
  "configuration_version": "1"
}